<?xml version="1.0" encoding="UTF-8"?>
<project-private xmlns="http://www.netbeans.org/ns/project-private/1">
    <editor-bookmarks xmlns="http://www.netbeans.org/ns/editor-bookmarks/2" lastBookmarkId="0"/>
    <open-files xmlns="http://www.netbeans.org/ns/projectui-open-files/2">
        <group>
            <file>file:/C:/Users/m6000628/Documents/NetBeansProjects/MyRESTlib/src/myrestlib/Sockettest.java</file>
            <file>file:/C:/Users/m6000628/Documents/NetBeansProjects/MyRESTlib/src/myrestlib/Gettopologyinfo.java</file>
            <file>file:/C:/Users/m6000628/Documents/NetBeansProjects/MyRESTlib/src/myrestlib/Flowstatistics.java</file>
            <file>file:/C:/Users/m6000628/Documents/NetBeansProjects/MyRESTlib/src/myrestlib/helperClass.java</file>
            <file>file:/C:/Users/m6000628/Documents/NetBeansProjects/MyRESTlib/src/myrestlib/Createflow.java</file>
            <file>file:/C:/Users/m6000628/Documents/NetBeansProjects/MyRESTlib/src/myrestlib/Deleteflow.java</file>
            <file>file:/C:/Users/m6000628/Documents/NetBeansProjects/MyRESTlib/src/myrestlib/DatabseConnection.java</file>
            <file>file:/C:/Users/m6000628/Documents/NetBeansProjects/MyRESTlib/src/myrestlib/Odlfunctions.java</file>
            <file>file:/C:/Users/m6000628/Documents/NetBeansProjects/MyRESTlib/src/myrestlib/GetPortStatistics.java</file>
            <file>file:/C:/Users/m6000628/Documents/NetBeansProjects/MyRESTlib/src/myrestlib/MyRESTlib.java</file>
            <file>file:/C:/Users/m6000628/Documents/NetBeansProjects/MyRESTlib/src/myrestlib/Getflow.java</file>
        </group>
    </open-files>
</project-private>
